,name
0,Aari
1,Abau
2,Arabic (Chadian)
3,Abidji
4,Arabic (Beirut)
5,Arabic (Bahrain)
6,Abipón
7,Abkhaz
8,Alabama
9,Arabana
10,Arbore
11,Abun
12,Abui
13,Abenaki (Western)
14,Abaza
15,Acehnese
16,Achagua
17,Aché
18,Achí
19,Acholi
20,Achumawi
21,Achang
22,Acoma
23,Achuar
24,Adamorobe Sign Language
25,Adang
26,Adioukrou
27,Andoke
28,Adynyamathanha
29,Adyghe (Temirgoy)
30,Adyghe (Abzakh)
31,Adzera
32,Aleut (Eastern)
33,Arabic (Egyptian)
34,Arabic (Eastern Libyan)
35,Afrikaans
36,Agarabi
37,Leggbó
38,Agta (Central)
39,Agta (Dupaningan)
40,Aghem
41,Aghul
42,Angami
43,Angolar
44,Aguaruna
45,Anguthimri
46,Aguacatec
47,Alagwa
48,Arapaho
49,Arabic (Bani-Hassan)
50,Ahtna
51,Aghu
52,Aikaná
53,Ainu
54,Aizi
55,Aja
56,Ajagbe
57,Ajië
58,Aka
59,Aka-Biada
60,Aka-Cari
61,Akha
62,Aka-Kede
63,Aklanon
64,Arakanese (Marma)
65,Akan
66,Arabic (Kormakiti)
67,Arikara
68,Akawaio
69,Alamblak
70,Albanian
71,Allentiac
72,Alladian
73,Aleut
74,Algonquin
75,Arop-Lokep
76,Ala'ala
77,Alune
78,Alsea
79,Alsatian
80,Alutor
81,Alawa
82,Alas
83,Alyawarra
84,Amara
85,Ambulas
86,Amahuaca
87,Amdo
88,Amele
89,Amharic
90,Amis
91,Amarakaeri
92,Ambae (Lolovoli Northeast)
93,Ama
94,Amanab
95,Amo
96,Arrernte (Mparntwe)
97,Ambai
98,Arabic (Moroccan)
99,Arabic (Modern Standard)
100,Amdo (Themchen)
101,Amuesha
102,Anamuxra
103,Amuzgo
104,Araona
105,Angas
106,Anêm
107,Anggor
108,//Ani
109,Anejom
110,Arabic (North Levantine Spoken)
111,Anindilyakwa
112,Anong
113,Angaataha
114,Anufo
115,Andi
116,Anywa
117,Ao
118,Mufian
119,Arabic (Palestinian)
120,Apache (Chiricahua)
121,Ampeeli
122,Apinayé
123,Apache (Jicarilla)
124,A-Pucikwar
125,Apalaí
126,Apatani
127,Apurinã
128,Apache (Western)
129,Arawak
130,Arabela
131,Archi
132,Arandai
133,Arabic (Gulf)
134,Arabic (Hijazi)
135,Aribwatsa
136,Arabic (Kuwaiti)
137,Araki
138,Arabic (Lebanese)
139,Armenian (Eastern)
140,Arabic (Borno Nigerian)
141,Arosi
142,Arapesh (Mountain)
143,Arabic (Iraqi)
144,Arrernte
145,Arabic (San'ani)
146,Arabic (Negev)
147,Armenian (Western)
148,'Are'are
149,Armenian (Iranian)
150,Adyghe (Shapsugh)
151,American Sign Language
152,Asmat
153,Altai (Southern)
154,Assamese
155,Asturian
156,Asuriní
157,Arabic (Syrian)
158,Atayal
159,Aralle-Tabulahan
160,Atchin
161,Athpare
162,Atikamekw
163,Atakapa
164,Atacameño
165,Alutiiq
166,Atsugewi
167,Arabic (Tunisian)
168,Au
169,Aulua
170,Auslan
171,Auyana
172,Avar
173,Avikam
174,Avokaya
175,Avatime
176,Awa
177,Awadhi
178,Arrernte (Western)
179,Aekyom
180,Akwa
181,Awngi
182,Awa Pit
183,Awtuw
184,Awyi
185,Akhvakh
186,Anyi
187,Aymara (Central)
188,Aynu
189,Ayoreo
190,Ayiwo
191,Azerbaijani
192,Azari (Iranian)
193,Barai
194,Babungo
195,Bachamal
196,Bade
197,Baré
198,Bafut
199,Bagirmi
200,Xiriana
201,Bai
202,Bajau (Sama)
203,Baka (in Cameroon)
204,Balinese
205,Bambara
206,Bana
207,Bao'an
208,Baure
209,Bari
210,Basaá
211,Batak
212,Bau
213,Bawm
214,Bobo Madaré (Northern)
215,Babole
216,Bambam
217,Barambu
218,Bininj Gun-Wok
219,Bandjalang (Casino)
220,Berber (Chaouia)
221,Bella Coola
222,Berbice Dutch Creole
223,Badaga
224,Budukh
225,Badimaya
226,Budu
227,Baham
228,Benabena
229,Bengali (Chittagong)
230,Beembe
231,Begak-Ida'an
232,Beja
233,Belhare
234,Bemba
235,Bengali
236,Beothuk
237,Berta
238,Bété
239,Bezhta
240,Biafada
241,Bafia
242,Benga
243,Banggai
244,Bagri
245,Buglere
246,Bangime
247,Bugun
248,Bongo
249,Bagiro
250,Baga Sitemu
251,Bagvalal
252,Banggi
253,Bhili
254,Bahinemo
255,Bhojpuri
256,Bhumij
257,Bila
258,Bidiya
259,Binga
260,Biri
261,Biak
262,Bilua
263,Bima
264,Binandere
265,Nai
266,Bilaan (Koronadal)
267,Birom
268,Bisa
269,Biatah
270,Bisu
271,Sama (Southern)
272,Baka (in South Sudan)
273,Betta Kurumba
274,Binukid
275,Bakairí
276,Bikol
277,Bakundu
278,Batak (Karo)
279,Brokskat
280,Bakueri
281,Blackfoot
282,Baluchi
283,Baule
284,Balangao
285,Baale
286,Balantak
287,Bilin
288,Bole
289,Belorussian
290,Balti
291,Bena-Lulua
292,Biloxi
293,Balyku
294,Balanta
295,Berber (Middle Atlas)
296,Bimoba
297,Bamun
298,Burum
299,Berber (Mzab)
300,Banawá
301,Bunuba
302,Bandi
303,Qaget
304,Bini
305,Bandjalang
306,Bankon
307,Banggarla
308,Binumarien
309,Banoni
310,Waimaha
311,Beng
312,Bilinarra
313,Bantik
314,Bularnu
315,Baniva
316,Baniwa
317,Boazi
318,Bobangi
319,Bodo
320,Boiken
321,Bori
322,Boko
323,Bolia
324,Bongu
325,Bokar
326,Bora
327,Bosnian
328,Berber (Wargla)
329,Bozo (Tigemaxo)
330,Bura-Pabir
331,Bahnar
332,Basque (Bidasoa Valley)
333,Basque (Gernica)
334,Basque (Hondarribia)
335,Basque (Basaburua and Imoz)
336,Basque (Lekeitio)
337,Basque (Northern High Navarrese)
338,Basque (Oñati)
339,Basque (Roncalese)
340,Basque (Sakana)
341,Basque (Zeberio)
342,Brao
343,Bariba
344,Boruca
345,Bardi
346,Breton
347,Berber (Rif)
348,Brahui
349,Bribri
350,Burji
351,Berik
352,Baragaunle
353,Burmese
354,Burunge
355,Broken
356,Barupu
357,Bera
358,Bororo
359,Barasano
360,Bru (Eastern)
361,Bru (Western)
362,Baruya
363,Birri
364,Berber (Ayt Seghrouchen Middle Atlas)
365,Bushoong
366,Berber (Siwa)
367,Bashkir
368,British Sign Language
369,Bislama
370,Basque (Souletin)
371,Basque
372,Basari
373,Bathari
374,Betoi
375,Bontok
376,Batak (Toba)
377,Burarra
378,Bubi
379,Buduma
380,Bugis
381,Buli (in Indonesia)
382,Bujeba
383,Bukusu
384,Bulgarian
385,Buma
386,Buin
387,Burushaski
388,Busa
389,Buriat
390,Buru
391,Bulu
392,Buli (in Ghana)
393,Bali-Vitu
394,Bandjalang (Waalubal)
395,Bajau (West Coast)
396,Bayungu
397,Byansi
398,Bayso
399,Bandjalang (Yugumbir)
400,Bauzi
401,Cabécar
402,Cacua
403,Caddo
404,Cahuilla
405,Chai
406,Cakchiquel
407,Camsá
408,Candoshi
409,Capanahua
410,Carib
411,Cashibo
412,Catio
413,Cavineña
414,Campa (Axininca)
415,Cayapa
416,Chumash (Barbareño)
417,Chácobo
418,Chocho
419,Chickasaw
420,Chinantec (Comaltepec)
421,Chasta Costa
422,Cocopa
423,Choctaw
424,Carib (De'kwana)
425,Cree (Swampy)
426,Cebuano
427,Chicomuceltec
428,Cèmuhî
429,Chaga
430,Chamorro
431,Chambri
432,Chechen
433,Chaudangsi
434,Cherokee
435,Chang
436,Chaha
437,Chimariko
438,Chuj
439,Chukchi
440,Chehalis (Upper)
441,Chamalal
442,Chantyal
443,Chontal (Highland)
444,Chipewyan
445,Chinantec (Quiotepec)
446,Chrau
447,Chin (Siyin)
448,Chatino (Nopala)
449,Nivacle
450,Chuvash
451,Cham (Western)
452,Chontal (Huamelultec Oaxaca)
453,Chayahuita
454,Chichewa
455,CiLuba
456,Chumash (Ineseño)
457,Chichimeca-Jonaz
458,Cheke Holo
459,Chinook (Lower)
460,Chinook (Upper)
461,Clallam
462,Colac
463,Chaldean (Modern)
464,Chinantec (Lealao)
465,Cholón
466,Chulym
467,Chimila
468,Comecrudo
469,Cham (Eastern)
470,Chemehuevi
471,Chemakum
472,Camling
473,Comanche
474,Chin (Mara)
475,Comox
476,Chontal Maya
477,Canela
478,Canamarí
479,Cantonese
480,Coahuilteco
481,Cocama
482,Coeur d'Alene
483,Cofán
484,Cogui
485,Chortí
486,Chol
487,Comorian
488,Coos (Hanis)
489,Coptic
490,Cora
491,Rumsien
492,Campa Pajonal Asheninca
493,Chinantec (Palantla)
494,Chepang
495,Chippewa (Red Lake and Pillager)
496,Chipaya
497,Chiquitano
498,Cree (Plains)
499,Chiriguano
500,Chru
501,Crimean Tatar
502,Carijona
503,Creek
504,Carolinian
505,Cornish
506,Crow
507,Carapana
508,Carrier
509,Chorote
510,Chinantec (Sochiapan)
511,Chinantec (San Felipe Usila)
512,Cashinahua
513,Diola-Kasa
514,Chinese Sign Language
515,Chatino (Sierra Occidental)
516,Cuicatec
517,Chinantec (Tepetotutla)
518,Chin (Tiddim)
519,Catalan
520,Chitimacha
521,Chatino (Tataltepec)
522,Catawba
523,Cua
524,Cubeo
525,Cuica
526,Cuiba
527,Culina
528,Chumburung
529,Cupeño
530,Curripaco
531,Cuitlatec
532,Chuukese
533,Chavacano
534,Chuave
535,Columbia-Wenatchi
536,Chatino (Yaitepec)
537,Cayuga
538,Cheyenne
539,Cayuvava
540,Czech
541,Da'a
542,Daba
543,Dadibi
544,Daga
545,Dahalo
546,Dakota
547,Damana
548,Dan
549,Darai
550,Datooga
551,Dâw
552,Day
553,Dabida
554,Dutch (Brabantic)
555,Dumagat (Casiguran)
556,Dhuwal (Dätiwuy)
557,Daju (Dar Fur)
558,Dadjriwalé
559,Donno So
560,Defaka
561,Degema
562,Dení
563,Dla (Proper)
564,Desano
565,Deti
566,Deuri
567,Dagaare
568,Dagbani
569,Deutsche Gebärdensprache
570,Dogri
571,Dongo
572,Dagur
573,Degexit'an
574,Dhaasanac
575,Dharumbal
576,Dhivehi
577,Dhalandji
578,Dhimal
579,Dhargari
580,Dhurga
581,Dharawal
582,Didinga
583,Diegueño (Mesa Grande)
584,Digaro
585,Dime
586,Dinka
587,Diola-Fogny
588,Diyari
589,Dizi
590,Djabugay
591,Djingili
592,Djambarrpuyngu
593,Djinang
594,Djapu
595,Djaru
596,Dutch (Limburg)
597,Dla (Menggwa)
598,Duma
599,Dumi
600,Domaaki
601,Dimasa
602,Ding
603,Dani (Lower Grand Valley)
604,Dangaléat (Western)
605,Dobel
606,Doko
607,Dolgan
608,Domari
609,Dong (Southern)
610,Doutai
611,Doyayo
612,Drehu
613,Dargwa
614,Dari
615,Darma
616,Danish
617,Toro So
618,Duala
619,Dullay (Gollango)
620,Duka
621,Dulong
622,Dumo
623,Duna
624,Dutch
625,Dutch (Zeeuws)
626,Dyirbal
627,Dyimini
628,Dyula
629,Ebira
630,Edolo
631,Efik
632,Ega
633,Engenni
634,Eipo
635,Ejagham
636,Ekari
637,Ekoti
638,Elseng
639,Emberá (Northern)
640,Embera Chami
641,Émérillon
642,Embaloh
643,Emmi
644,Enga
645,Enets
646,English
647,Enggano
648,Enya
649,Epena Pedee
650,Efate (South)
651,Erromangan
652,Ese Ejja
653,Esmeraldeño
654,Esselen
655,Estonian
656,Etsako
657,Eudeve
658,Evenki
659,Even
660,Ewe (Anglo)
661,Ewe
662,Ewondo
663,Eyak
664,Faroese
665,Fasu
666,Fula (Burkina Faso)
667,Frisian (Eastern)
668,Fe'fe'
669,Fula (Guinean)
670,Fijian
671,Finnish
672,Fiote
673,Fijian (Wayan)
674,Ful (Liptako)
675,Fula (Mauritanian)
676,Fulfulde (Nigerian)
677,Frisian (North)
678,Foe
679,Fongbe
680,Fore
681,Fox
682,Momu
683,Fordata
684,French
685,Frisian
686,Frisian (Western)
687,Finnish Sign Language
688,Fulfulde (Adamawa)
689,Futuna (East)
690,Fulniô
691,Fulfulde (Maasina)
692,Fur
693,Fula (Senegal)
694,Futuna-Aniwa
695,Fuzhou
696,Fyem
697,Gã
698,Gaagudju
699,Gade
700,Gaelic (Scots)
701,Gagauz
702,Gahuku
703,Galo
704,Gamo
705,Great Andamanese
706,Gapapaiwa
707,Garo
708,German (Upper Austrian)
709,Gavião
710,Gayo
711,German (Bavarian)
712,Gbeya Bossangoa
713,Guinea Bissau Crioulo
714,German (Bern)
715,Gbaya (Northwest)
716,German (Berlin)
717,Gbaya (Southwest)
718,Greek (Cypriot)
719,Gutob
720,Guduf
721,Godié
722,Gadaba (Kondekor)
723,Guadeloupe Creole
724,Gidar
725,Gadsup
726,Gela
727,Georgian
728,German
729,Guianese French Creole
730,Gugadj
731,Gureng Gureng
732,German (Hannover)
733,Guahibo
734,Ghotuo
735,Bunan
736,Gidabal
737,Gilaki
738,Gimira
739,Gula Iro
740,Gitksan
741,Giziga
742,Gurindji
743,Guajajara
744,Gününa Küne
745,Gelao
746,Galician
747,Galela
748,Golin
749,Gaalpu
750,German (Mansfeldisch)
751,Guambiano
752,Gamilaraay
753,Gumatj
754,Gumawana
755,Gumuz
756,Guana
757,Gunbalang
758,Ga'anda
759,Gunin
760,Guanano
761,Gunya
762,Goajiro
763,Godoberi
764,Goemai
765,Gogodala
766,Gojri
767,Gokana
768,Gola
769,Gondi
770,Gooniyandi
771,Gorowa
772,German (Ostschweiz)
773,German (Appenzell)
774,Grebo
775,Greenlandic (East)
776,Garífuna
777,Gurr-goni
778,Guarijío
779,Greek (Modern)
780,Gurma
781,Gurenne
782,Guro
783,German (Ripuarian)
784,Garrwa
785,Garus
786,Gorontalo
787,Greenlandic (West)
788,Greek Sign Language
789,Greenlandic (South)
790,German (Thurgau)
791,German (Thuringian)
792,German (Timisoara)
793,Guató
794,Guaraní
795,Gude
796,Guere
797,Gupapuyngu
798,Gugada
799,Guhu-Samane
800,Gujarati
801,Gula (in Central African Republic)
802,Gumbaynggir
803,Gunu
804,Guaque
805,Gurung
806,Gusii
807,Guugu Yimidhirr
808,Gungbe
809,German (Viennese)
810,Gwari
811,German (Westphalian)
812,Gworok
813,Guayabero
814,Gyarong (Cogtse)
815,German (Zurich)
816,Hadza
817,Haida
818,Hakka
819,Halia
820,Hamtai
821,Hani
822,Haruai
823,Hatam
824,Hausa
825,Havasupai
826,Hawaiian
827,Hayu
828,Hebrew (Modern Ashkenazic)
829,Haitian Creole
830,Hdi
831,Hebrew (Modern)
832,Hehe
833,Heiltsuk
834,Hemba
835,Herero
836,Hanga Hundi
837,Hianacoto
838,Hidatsa
839,Hiligaynon
840,Hindi
841,Hixkaryana
842,Hong Kong Sign Language
843,Halbi
844,Halkomelem (Island)
845,Halang
846,Hualapai
847,Halkomelem (Upriver)
848,Hmar
849,Huambisa
850,Hmong Daw
851,Huitoto (Minica)
852,Hmong Njua
853,Hamer
854,Huitoto (Muinane)
855,Mina
856,Hunde
857,Hinuq
858,Hanunóo
859,Haida (Northern)
860,Ho
861,Hoava
862,Min (Southern)
863,Holoholo
864,Hopi
865,Hup
866,Hre
867,Harari
868,Harsusi
869,Haisla
870,Huastec
871,Hua
872,=|Hoan
873,Huichol
874,Huitoto (Murui)
875,Hungarian
876,Hupa
877,Huave (San Mateo del Mar)
878,Hawaiian Creole
879,Hawrami
880,Haya
881,Hyow
882,Hunzib
883,Iaai
884,Iatmul
885,Iau
886,Iban
887,Ibibio
888,Ibanag
889,Icelandic
890,Icelandic Sign Language
891,Iduna
892,Idoma
893,Idu
894,Italian (Fiorentino)
895,Ifumu
896,Ifugao (Batad)
897,Inga
898,Igbo
899,Igede
900,Ignaciano
901,Ingessana
902,Iha
903,Indonesian (Papuan)
904,Ijo (Kolokuma)
905,Ik
906,Ika
907,Ila
908,Illinois
909,Ilocano
910,Imonda
911,Inanwatan
912,Indonesian
913,Ingush
914,Indonesian (Jakarta)
915,Innamincka
916,Inuktitut (Rankin Inlet)
917,Inuktitut (Salluit)
918,Iñupiaq
919,Indo-Pakistani Sign Language (Indian dialects)
920,Indo-Pakistani Sign Language (Karachi dialect)
921,Inuktitut (Quebec-Labrador)
922,Iquito
923,Irish (Donegal)
924,Irish
925,Irish (Munster)
926,Iraqw
927,Irarutu
928,Irish Sign Language
929,Iranxe
930,I'saka
931,Isekiri
932,Ishkashmi
933,Isirawa
934,International Sign
935,Isnag
936,Isoko
937,Israeli Sign Language
938,Italian
939,Italian (Bologna)
940,Itelmen
941,Italian (Genoa)
942,Italian (Napolitanian)
943,Itonama
944,Italian (Turinese)
945,Itawis
946,Itzaj
947,Ivatan
948,Iwaidja
949,Iwam
950,Ixcatec
951,Ixil
952,Izhor
953,Izi
954,Jabêm
955,Jad
956,Jahai
957,Jakaltek
958,Jaminjung
959,Jaqaru
960,Jarawa (in Nigeria)
961,Javanese
962,Jabutí
963,Jamaican Creole
964,Jebero
965,Jeh
966,Jeli
967,Jemez
968,Jiarong
969,Jibbali
970,Jino
971,Jivaro
972,Luwo
973,Jamamadi
974,Jur Mödö
975,Jamsay
976,Jingpho
977,Jomang
978,Japanese
979,Japreria
980,Juruna
981,Jarawa (in Andamans)
982,Jugli
983,Ju|'hoan
984,Jukun
985,Júma
986,Juang
987,Jurchen
988,Karajá
989,Jarawara
990,Karó (Arára)
991,Kabardian
992,Kachari
993,Kadugli
994,Kaki Ae
995,Komering
996,Kaian
997,Kaure
998,Kamano-Kafe
999,Kalami
1000,Kambera
1001,Kana
1002,Karao
1003,Kela (Apoze)
1004,Kaurna
1005,Kara (in Central African Republic)
1006,Kashmiri
1007,Kâte
1008,Kaulong
1009,Kaiwá
1010,Kayardild
1011,Kazakh
1012,Kamba
1013,Kabui
1014,Kabyle
1015,Kambot
1016,Kayan (Baram)
1017,Kabatei
1018,Kanembu
1019,Karen (Bwe)
1020,Kabiyé
1021,Koyra Chiini
1022,Konda
1023,Karipuna (Panoan)
1024,Kadiwéu
1025,Kadazan
1026,Kanjobal (Eastern)
1027,Kedang
1028,Kefa
1029,Kei
1030,K'ekchí
1031,Kele
1032,Kemant
1033,Kenga
1034,Keo
1035,Kera
1036,Ket
1037,Kewa
1038,Koromfe
1039,Kirghiz (Fu-Yu)
1040,Kinga
1041,Konyagi
1042,Umbu Ungu
1043,Kagoma
1044,Kagulu
1045,Kangiryuarmiut
1046,Kalkatungu
1047,Kyirong
1048,Kirghiz
1049,Khalkha
1050,Kham (Dege)
1051,Khaling
1052,Khinalug
1053,Khakas
1054,Khalaj
1055,Khmer
1056,Khün
1057,Nama
1058,Kharia
1059,Khasi
1060,Khumi
1061,Khwarshi
1062,Khowar
1063,Kickapoo
1064,Kire
1065,Kitja
1066,Kikuyu
1067,Kiluba
1068,Kimaghama
1069,Kinyarwanda
1070,Kiowa
1071,Kalmyk (Issyk-Kul)
1072,Kirma
1073,Kisi
1074,Kitsai
1075,Kui (in Indonesia)
1076,Kiwai (Southern)
1077,Koreguaje
1078,Kurmanji
1079,Kunjen
1080,Konjo
1081,Koorete
1082,Konkomba
1083,Kata Kolok
1084,Konkani
1085,Koranko
1086,Karakalpak
1087,Kuikúro
1088,Kirikiri
1089,Kokota
1090,Korku
1091,Lusi
1092,Karankawa
1093,Kankanay
1094,Kokni
1095,Klao
1096,Kilba
1097,Kulung
1098,Kalasha
1099,Kaili
1100,Koh (Lakka)
1101,Kaluli
1102,Klamath
1103,Kolana
1104,Kalapuya
1105,Kalam
1106,Koluri
1107,Kalispel
1108,Kelabit
1109,Kilivila
1110,Kiliwa
1111,Kala Lagaw Ya
1112,Kalanga
1113,Kamaiurá
1114,Kombai
1115,Kham
1116,Kami
1117,Karimojong
1118,Kalmyk
1119,Kuman
1120,Koiali (Mountain)
1121,Kunimaipa
1122,Kamoro
1123,Kamass
1124,Kemtuik
1125,Khmu'
1126,Kamu
1127,Kamasau
1128,Karitiâna
1129,Kanum (Bädi)
1130,Kugu Nganhcara
1131,Kannada
1132,Kaingang
1133,Konni
1134,Kanakuru
1135,Kunama
1136,Kinnauri
1137,Kanoê
1138,Kanum (Ngkâlmpw)
1139,Kriol (Ngukurr)
1140,Kanuri
1141,Konua
1142,Konkow
1143,Kham (Tibetan) (Nangchen)
1144,Koasati
1145,Kobon
1146,Kodava
1147,Koegu
1148,Kohumono
1149,Koiari
1150,Kokborok
1151,Kolami
1152,Komo
1153,Kongo
1154,Kola
1155,Komi-Permyak
1156,Korean
1157,Kosraean
1158,Kota
1159,Kom
1160,Ko (Winye)
1161,Koya
1162,Kpan
1163,Kpelle
1164,Kapampangan
1165,Kapingamarangi
1166,Kposo
1167,Karen (Pwo)
1168,Krenak
1169,Kara (in Papua New Guinea)
1170,Kiribati
1171,Karachay-Balkar
1172,Kurdish (Central)
1173,Kresh
1174,Korafe
1175,Karanga
1176,Krahô
1177,Kipea
1178,Karadjeri
1179,Karok
1180,Karelian
1181,Karaim
1182,Korana
1183,Krongo
1184,Kerek
1185,Kairiru
1186,Karata
1187,Korowai
1188,Koryak
1189,Kryz
1190,Keresan (Santa Ana)
1191,Koyraboro Senni
1192,Karen (Sgaw)
1193,Kashaya
1194,Ksingmul
1195,Kenyan Sign Language
1196,Kasem
1197,Kasong
1198,Kosop
1199,Kisar
1200,Kisi (Southern)
1201,Kashubian
1202,Koita
1203,Kituba
1204,Katcha
1205,Kete
1206,Kutchin
1207,"Kati (in West Papua, Indonesia)"
1208,Kotoko
1209,Katla
1210,Kathlamet
1211,Ketengban
1212,Kato
1213,Ketapang
1214,Kott
1215,Katu
1216,Khanty
1217,Kati (in Afghanistan)
1218,Kualan
1219,Kunming
1220,Kui (in India)
1221,Kukú
1222,Kullo
1223,Kumauni
1224,Kuna
1225,Kuot
1226,Kumyk
1227,Kurukh
1228,Kusunda
1229,Kutenai
1230,Kuuku Ya'u
1231,Kuvi
1232,Kutai
1233,Kulamanen
1234,Kwaio
1235,Kwerba
1236,Kanjobal (Western)
1237,Kwakw'ala
1238,Kwami
1239,Kwangali
1240,Kwoma
1241,Kwamera
1242,Kawaiisu
1243,Kwomtari
1244,Iwoyo
1245,Kwaza
1246,Kxoe
1247,Kuku-Yalanji
1248,Kenyang
1249,Kyaka
1250,Kayah Li (Eastern)
1251,Krymchak
1252,Koyukon
1253,Kanyok
1254,Kayapó
1255,Kyuquot
1256,Karkar-Yuri
1257,Kaytej
1258,Kayabí
1259,Komi-Zyrian
1260,Laal
1261,Labu
1262,Lacandón
1263,Ladakhi
1264,Lafofa
1265,Lagwan
1266,Lahu
1267,Lai
1268,Lak
1269,Lalo
1270,Lamé
1271,Lango
1272,Lao
1273,Laragia
1274,Latvian
1275,Lau
1276,Lavukaleve
1277,Laz
1278,Lunda
1279,Lachi
1280,Lesser Antillean French Creole
1281,Luganda
1282,Ladin
1283,Londo
1284,Lendu
1285,Lebeo
1286,Leko
1287,Lega
1288,Lele
1289,Lenakel
1290,Lepcha
1291,Lese
1292,Leti
1293,Lewo
1294,Lezgian
1295,Luangiua
1296,Low German
1297,Langi
1298,Língua Gestual Portuguesa
1299,Logoti
1300,Longgu
1301,Laha
1302,Lhomi
1303,Hlai (Baoding)
1304,Lingua Italiana dei Segni
1305,Lillooet
1306,Limbu
1307,Lingala
1308,Lisu
1309,Lithuanian
1310,Liv
1311,Lauje
1312,Lakkia
1313,Lakhota
1314,Lamu-Lamu
1315,Lelemi
1316,Loma
1317,Lamba
1318,Lamang
1319,Lamaholot
1320,Limilngan
1321,Lamani
1322,Lampung
1323,Lamen
1324,Linda
1325,Lengua
1326,Linngithig
1327,Ladino
1328,Lamnso'
1329,Lonwolwol
1330,Lobi
1331,Loko
1332,Loniu
1333,Lotha
1334,Lou
1335,Loven
1336,Lozi
1337,Lardil
1338,Larike
1339,Lengua de Señas Argentina
1340,Língua de Sinais Brasileira
1341,Lengua de Señas Española
1342,Langue des Signes Française
1343,Langue des Signes Québecoise
1344,Lü
1345,Lua
1346,Lucazi
1347,Lun Dayeh
1348,Lugbara
1349,Luiseño
1350,Lule
1351,Lummi
1352,Lungchang
1353,Luo
1354,Luri
1355,Lushootseed
1356,Luvale
1357,Luxemburgeois
1358,Luyia
1359,Lyele
1360,Ma
1361,Maasai
1362,Maba
1363,Macushi
1364,Ma'di
1365,Mae
1366,Magar
1367,Mari (Hill)
1368,Maithili
1369,Majang
1370,Makah
1371,Malagasy
1372,Mam
1373,Mano
1374,Maori
1375,Mapudungun
1376,Maricopa
1377,Masa
1378,Maung
1379,Maring
1380,Maninka (Western)
1381,Maxakalí
1382,Maybrat
1383,Mazahua
1384,Mba
1385,Mbabaram
1386,Mbere
1387,Mbugu
1388,Mbili
1389,Mbole
1390,Mbum
1391,Monumbo
1392,Mbara
1393,Mangbetu
1394,Manambu
1395,Mbay
1396,Mbe'
1397,Maca
1398,Mochica
1399,Macedonian
1400,Mískito Coast English Creole
1401,Michif
1402,Macaguán
1403,Machiguenga
1404,Macuna
1405,Mixe (Coatlán)
1406,Mauritian Creole
1407,Miwok (Central Sierra)
1408,Mocoví
1409,Mada (in Cameroon)
1410,Mudburra
1411,Mende
1412,Mundang
1413,Mandinka
1414,Matngele
1415,Madimadi
1416,Mandan
1417,Mbodomo
1418,Madurese
1419,Manadonese
1420,Mündü
1421,Mbosi
1422,Mada (in Nigeria)
1423,Meyah
1424,Melayu Betawi
1425,Me'en
1426,Mehri
1427,Meithei
1428,Mekens
1429,Melanau
1430,Manem
1431,Menomini
1432,Meryam Mir
1433,Menya
1434,Mondunga
1435,Mongondow
1436,Mangghuer
1437,Magahi
1438,Magi
1439,Mungaka
1440,Mingrelian
1441,Magindanao
1442,Mongo
1443,Mango
1444,Musgu
1445,Mahican
1446,Marathi
1447,Mehek
1448,Miri (Hill):
1449,Mah Meri
1450,Mbalanhu
1451,Micmac
1452,Midob
1453,Mien
1454,Migama
1455,Miisiirii
1456,Miju
1457,Mikir
1458,Milang
1459,Minangkabau
1460,Miriwung
1461,Miskito
1462,Mituku
1463,Miya
1464,Mizo
1465,Mixtec (Jamiltepec)
1466,Mixtec (San Juan Colorado)
1467,Manjaku
1468,Mauka
1469,Miwok (Bodega)
1470,Makonde
1471,Mekeo
1472,Mandinka (Gambian)
1473,Mikasuki
1474,Makasae
1475,Maklew
1476,Mankanya
1477,Mokilko
1478,Mankon
1479,Mikarew
1480,Makassar
1481,Maranungku
1482,Máku
1483,Makaa
1484,Mambila
1485,Malacca Creole
1486,Maale
1487,Malgwa
1488,Mali
1489,Malakmalak
1490,Molala
1491,Mlabri (Minor)
1492,Maltese
1493,Maleu
1494,Malay
1495,Mandaic (Modern)
1496,Mangap-Mbula
1497,Mari (Meadow)
1498,Mambai
1499,Mamanwa
1500,Mordvin (Moksha)
1501,Mampruli
1502,Mamasa
1503,Malay (Ulu Muar)
1504,Mamvu
1505,Mambwe
1506,Muna
1507,Manchu
1508,Mandarin
1509,Maidu (Northeast)
1510,Manggarai
1511,Moni
1512,Mantjiltjara
1513,Maninka
1514,Manam
1515,Mono (in United States)
1516,Mandar
1517,Mansi
1518,Mentawai
1519,Mun
1520,Minaveha
1521,Manx
1522,Margany
1523,Munzombo
1524,Mono-Alu
1525,Moca
1526,Mordvin (Erzya)
1527,Mofu-Gudur
1528,Moghol
1529,Mohawk
1530,Mojave
1531,Mokilese
1532,Moldavian
1533,Mombum
1534,Mon
1535,Mooré
1536,Mopan
1537,Mor
1538,Mosetén
1539,Motuna
1540,Moru
1541,Movima
1542,Murrinh-Patha
1543,Mpongwe
1544,Maipure
1545,Mian
1546,Mpur
1547,Mapoyo
1548,Martinique Creole
1549,Momuna
1550,Mara
1551,Marchha
1552,Marind
1553,Margi
1554,Marrithiyel
1555,Moraori
1556,Mirniny
1557,Murik
1558,Murle
1559,Maranao
1560,Moro
1561,Marquesan
1562,Maringarr
1563,Mairasi
1564,Martuthunira
1565,Maru
1566,Muruwari
1567,Muisca
1568,Munsee
1569,Mising
1570,Marshallese
1571,Masakin
1572,Masalit
1573,Musom
1574,Maisin
1575,Musqueam
1576,Miwok (Southern Sierra)
1577,Magar (Syangja)
1578,Mentuh Tapuh
1579,Matuumbi
1580,Montagnais
1581,Mixe (Tlahuitoltepec)
1582,Barí
1583,Matukar
1584,Mattole
1585,Malto
1586,Mixe (Totontepec)
1587,Matis
1588,Massachusett
1589,Motu
1590,Makua
1591,Mundani
1592,Bargam
1593,Muher
1594,Muinane
1595,Mulao
1596,Mumuye
1597,Mundari
1598,Muong
1599,Mupun
1600,Mursi
1601,Mussau
1602,Mutsun
1603,Mundurukú
1604,Muyuw
1605,Martu Wangka
1606,Manobo (Western Bukidnon)
1607,Mawchi
1608,Mwera
1609,Miwok (Lake)
1610,Miwok (Northern Sierra)
1611,Mwotlap
1612,Miwok (Plains)
1613,Mixtec (Atatlahuca)
1614,Mixtec (Chalcatongo)
1615,Ifira-Mele
1616,Mixtec (San Miguel el Grande)
1617,Mixtec (Jicaltepec)
1618,Mixtec (Alacatlatzala)
1619,Mixtec (Molinos)
1620,Mixtec (Ocotepec)
1621,Mixtec (Peñoles)
1622,Mixtec (Silacayoapan)
1623,Mixtec (Ayutla)
1624,Mixtec (Chayuco)
1625,Mixe (Ayutla)
1626,Mixtec (Yosondúa)
1627,Mixtec (Coatzospan)
1628,Ma'ya
1629,Mayogo
1630,Mangarrayi
1631,Malay (Kuala Lumpur)
1632,Malayalam
1633,Ma'anyan
1634,Mayo
1635,Matsés
1636,Mayi-Yapi
1637,Mazatec (Chiquihuitlán)
1638,Mazatec (Huautla)
1639,Mazanderani
1640,Neo-Aramaic (Amadiya)
1641,Nabak
1642,Nadëb
1643,Nafaanra
1644,Nagatman
1645,Nahali
1646,Nanai
1647,Neo-Aramaic (Arbel Jewish)
1648,Nakanai
1649,Nalik
1650,Namia
1651,Nandi
1652,Neo-Aramaic (Persian Azerbaijan)
1653,Nara (in Ethiopia)
1654,Nasioi
1655,Natchez
1656,Nauruan
1657,Navajo
1658,Naxi
1659,Nambas (Big)
1660,Nubian (Dongolese)
1661,Ngombe
1662,Ghulfan
1663,Natügu
1664,Ngbaka (Ma'bo)
1665,Nyambo
1666,Ngäbere
1667,Nicobarese (Car)
1668,Ncàm
1669,Ndebele (in South Africa)
1670,Nande
1671,Ndogo
1672,Ngbandi
1673,Ndjébbana
1674,Ndonga
1675,Nadroga
1676,Ndut
1677,Ndumu
1678,Ndyuka
1679,Nederlandse Gebarentaal
1680,Negidal
1681,Nehan
1682,Nelemwa
1683,Nenets (Forest)
1684,Nepali
1685,Nevome
1686,Newari (Kathmandu)
1687,Neyo
1688,Nez Perce
1689,Nganasan
1690,Ngbaka (Minagende)
1691,Ngad'a
1692,Ngemba
1693,Ngan'gityemerri
1694,Ngiyambaa
1695,Ngadjumaja
1696,Ngankikurungkurr
1697,Ngalakan
1698,Ngambay
1699,Ngandi
1700,Ngoni
1701,Ngarinyeri
1702,Naga (Tangkhul)
1703,Nguna
1704,Ngawun
1705,Ngarinyman
1706,Ngizim
1707,Nhanda
1708,Nahuatl (Central)
1709,Nahuatl (Huasteca)
1710,Nahuatl (Michoacán)
1711,Nahuatl (North Puebla)
1712,Nahuatl (Pochutla)
1713,Nahuatl (Tetelcingo)
1714,Nahuatl (Xalitla)
1715,Nias
1716,Nicobarese
1717,Niuafo'ou
1718,Nihon Shuwa (Japanese Sign Language)
1719,Nimboran
1720,Ningil
1721,Nyishi
1722,Nitinaht
1723,Niuean
1724,Nivkh
1725,Nyungar
1726,Ngalkbun
1727,Nkem
1728,Nakkara
1729,Nkonya
1730,Nkore-Kiga
1731,Nukuoro
1732,Nyah Kur (Tha Pong)
1733,Nubian (Kunuz)
1734,Ngarla
1735,Ngarluma
1736,Nyamal
1737,Naga (Mao)
1738,Nambikuára (Southern)
1739,Samo
1740,Nahuatl (Mecayapan Isthmus)
1741,Manange
1742,Nancowry
1743,Nend
1744,Nengone
1745,Nyanga
1746,Nankina
1747,Nanumea
1748,Nuni (Northern)
1749,Nanticoke
1750,Nobiin
1751,Nocte
1752,Noghay
1753,Noghay (Karagash)
1754,Nomatsiguenga
1755,Noni
1756,Noon
1757,Norwegian
1758,Nahuatl (Pajapan)
1759,Nar-Phu
1760,Nigerian Pidgin
1761,Naga Pidgin
1762,Napu
1763,Nanerge
1764,Narom
1765,Nharo
1766,Nsenga
1767,Nisgha
1768,Naskapi
1769,Nisenan
1770,Neo-Aramaic (Assyrian)
1771,Nahuatl (Sierra de Zacapoaxtla)
1772,Norsk Tegnspråk
1773,Ngiti
1774,Ngaanyatjarra
1775,Nateni
1776,Ntomba
1777,Nenets
1778,Nuaulu
1779,Nubi
1780,Nuer
1781,Nunggubuyu
1782,Nukak
1783,Nung (in Vietnam)
1784,Nupe
1785,Nusu
1786,Nuuchahnulth
1787,Nivkh (South Sakhalin)
1788,Newar (Dolakha)
1789,Nyawaygi
1790,Nyangi
1791,Nyiha
1792,Nyimang
1793,Nyamkad
1794,Nyelâyu
1795,Nyamwezi
1796,Nyigina
1797,Nyangumarda
1798,Nyulnyul
1799,Nzakara
1800,Naga (Zeme)
1801,New Zealand Sign Language
1802,Ogbronuagum
1803,Obokuitai
1804,Obolo
1805,Ocaina
1806,Occitan
1807,Ocuilteco
1808,Ogbia
1809,Oi
1810,Oirat
1811,Otomí (Ixtenco)
1812,Ojibwa (Eastern)
1813,Ojibwe (Minnesota)
1814,Ojibwa (Severn)
1815,Okanagan
1816,Oriya (Kotia)
1817,Oksapmin
1818,Oku
1819,Oloh Mangtangai
1820,Olo
1821,Olutec
1822,Omagua
1823,Omaha
1824,Ömie
1825,Oneida
1826,One
1827,Onge
1828,Onondaga
1829,Ono
1830,O'odham
1831,Emai
1832,Oromo (Boraana)
1833,Oroch
1834,Ordos
1835,Orejón
1836,Oromo (Harar)
1837,Orig
1838,Orok
1839,Orokolo
1840,Ormuri
1841,Orokaiva
1842,Oromo (Waata)
1843,Orya
1844,Osage
1845,Otomí (Santiago Mexquititlan)
1846,Ossetic
1847,Otomí (Mezquital)
1848,Oto
1849,Otoro
1850,Otomí (Sierra)
1851,Oromo (West-Central)
1852,Owininga
1853,Oriya
1854,Pa'a
1855,Pacoh
1856,Padoe
1857,Páez
1858,Pagu
1859,Paiwan
1860,Pakanha
1861,Palauan
1862,Pame
1863,Panjabi
1864,Papiamentu
1865,Päri
1866,Patep
1867,Paumarí
1868,Pawaian
1869,Pima Bajo
1870,Poqomam
1871,Folopa
1872,Pech
1873,Pemon
1874,Pengo
1875,Pero
1876,Pilagá
1877,Pingilapese
1878,Phlong
1879,Piaroa
1880,Pileni
1881,Pintupi
1882,Pipil
1883,Piro
1884,Pisa
1885,Pitjantjatjara
1886,Pokomchí
1887,Paakantyi
1888,Pokot
1889,Playero
1890,Polabian
1891,Palaung
1892,Paulohi
1893,Palikur
1894,Pulopetak
1895,Palor
1896,Pomo (Central)
1897,Pomo (Eastern)
1898,Pomo (Northern)
1899,Paamese
1900,Pamona
1901,Pangwa
1902,Pangasinan
1903,Paiute (Northern)
1904,Panare
1905,Bunu (Younuo)
1906,Panará
1907,Panyjima
1908,Po-Ai
1909,Podoko
1910,Pogoro
1911,Pohnpeian
1912,Poko-Rawo
1913,Polish
1914,Popoloca (Metzontla)
1915,Portuguese
1916,Potawatomi
1917,Powhatan
1918,Piapoco
1919,Pitta Pitta
1920,Prasuni
1921,Paresi
1922,Parji (Dravidian)
1923,Pare
1924,Pirahã
1925,Príncipense
1926,Purki
1927,Provençal
1928,Persian
1929,Piratapuyo
1930,Pashto
1931,Popoloca (San Juan Atzingo)
1932,Plains-Indians Sign Language
1933,Passamaquoddy-Maliseet
1934,Pomo (Southeastern)
1935,Popoloca (San Vicente Coyotepec)
1936,Port Sandwich
1937,Paita
1938,Paite
1939,Patpatar
1940,Pattani
1941,Patwin
1942,Puinave
1943,Parauk
1944,Puluwat
1945,Pumi
1946,Pungupungu
1947,Puquina
1948,Purépecha
1949,Paiute (Southern)
1950,Pawnee
1951,Qafar
1952,Quechua (Ancash)
1953,Qawasqar
1954,Quechua (Ayacucho)
1955,Quechua (Bolivian)
1956,Quechua (Cajamarca)
1957,Quiché
1958,Quechua (Cochabamba)
1959,Quechua (Cuzco)
1960,Quechua (Ecuadorean)
1961,Quechua (Huallaga)
1962,Qiang
1963,Quechua (Imbabura)
1964,Quechua (Tarma)
1965,Quechan
1966,Quileute
1967,Sipakapense
1968,Rade
1969,Raga
1970,Ralte
1971,Rama
1972,Rao
1973,Rapanui
1974,Rashad
1975,Romani (Ajia Varvara)
1976,Rawang
1977,Romani (Burgenland)
1978,Romani (Bugurdzi)
1979,Rejang
1980,Remo
1981,Rendille
1982,Resígaro
1983,Retuarã
1984,Ronga
1985,rGyalrong (Caodeng)
1986,Roglai (Northern)
1987,Riantana
1988,Rikbaktsa
1989,Rimi
1990,Ritharngu
1991,Raji
1992,Romani (Kalderash)
1993,Romani (Lovari)
1994,Rembarnga
1995,Romansch
1996,Rundi
1997,Rengao
1998,Rennellese
1999,Romani (North Russian)
2000,Runyankore
2001,Romanian
2002,Ron
2003,Roro
2004,Rotuman
2005,Roviana
2006,Rang Pas
2007,Runyoro-Rutooro
2008,Romansch (Scharans)
2009,Shughni
2010,Russian Sign Language
2011,Romansch (Surmeiran)
2012,Romansch (Sursilvan)
2013,Roti
2014,Rotokas
2015,Rukai (Tanan)
2016,Rumu
2017,Runga
2018,Russian
2019,Rutul
2020,Rawa
2021,Romani (Welsh)
2022,Shuri
2023,Sa'a
2024,Sa'ban
2025,Saek
2026,Sahu
2027,Sakao
2028,Salinan
2029,Samoan
2030,Sango
2031,Saho
2032,Sapuan
2033,Sare
2034,Savi
2035,Sawu
2036,Sayula Popoluca
2037,Sáliba (in Colombia)
2038,Sama (Balangingi)
2039,Saanich
2040,Serbian-Croatian
2041,Saami (Central-South)
2042,Sindhi
2043,Sandawe
2044,Southeast Ambrym
2045,Sebei
2046,Secoya
2047,Sedang
2048,Seediq
2049,Selknam
2050,Sema
2051,Sena
2052,Seri
2053,Sesotho
2054,Seychelles Creole
2055,Sougb
2056,Songe
2057,Sengele
2058,Sangir
2059,Songish
2060,Sangu
2061,Shan
2062,Shabo
2063,Sherdukpen
2064,Sherpa
2065,Sharanahua
2066,Shiriana
2067,Shipibo-Konibo
2068,Shilluk
2069,Shambala
2070,Shona
2071,Shoshone
2072,Sahaptin (Northern)
2073,Shor
2074,Shasta
2075,Shatt
2076,Shuswap
2077,Shawnee
2078,Shira Yughur
2079,Siane
2080,Sidaama
2081,Sika
2082,Sila
2083,Simeulue
2084,Siona
2085,Sio
2086,Siar
2087,Sisiqa
2088,Siuslaw
2089,Saami (Kildin)
2090,Sikkimese
2091,Sikule
2092,Sukuma
2093,Skou
2094,Selkup
2095,Sikaritai
2096,Suku
2097,Shekhawati
2098,Slave
2099,Saliba (in Papua New Guinea)
2100,Samba Leko
2101,Sulung
2102,Slovene
2103,Selepet
2104,Salar
2105,Slavey
2106,Selayar
2107,Semandang
2108,Seme
2109,Semai
2110,Semelai
2111,Seminole
2112,Shompen
2113,Sahaptin (Umatilla)
2114,Shina
2115,Seneca
2116,Senadi
2117,Sinaugoro
2118,Sinhala
2119,Sanuma
2120,Soninke
2121,Saami (Northern)
2122,Sentani
2123,So
2124,Sobei
2125,Soddo
2126,Solon
2127,Somali
2128,Sonsorol-Tobi
2129,Sooke
2130,Soqotri
2131,Sora
2132,Sorbian (Upper)
2133,Spanish
2134,Spanish (Canary Islands)
2135,Spitian
2136,Spokane
2137,Salish (Southern Puget Sound)
2138,Squamish
2139,Sranan
2140,Sorbian
2141,Sarcee
2142,Sardinian
2143,Sre
2144,Siriano
2145,Sorbian (Lower)
2146,Saramaccan
2147,Sirionó
2148,Siroi
2149,Serrano
2150,Selaru
2151,Siraya
2152,Sisaala
2153,Shinassha
2154,South Korean Sign Language
2155,Salish (Samish Straits)
2156,Salish (Straits)
2157,Santa
2158,Stieng
2159,Santali
2160,Sotho (Northern)
2161,Stoney
2162,Subiya
2163,Sudest
2164,Suena
2165,Sungor
2166,Sui
2167,Suki
2168,Sulka
2169,Mayangna
2170,Sundanese
2171,Supyire
2172,Sursurunga
2173,Susu
2174,Svan
2175,Slovincian
2176,Slovak
2177,Savosavo
2178,Svenska Teckenspråket
2179,Swahili
2180,Swedish
2181,Sawai
2182,Shoshone (Wind River)
2183,Swati
2184,Swedish (Västerbotten)
2185,Saryg Yughur
2186,Salt-Yui
2187,Taba
2188,Tacana
2189,Taiof
2190,Tagalog
2191,Tahitian
2192,Tuareg (Air)
2193,Tajik
2194,Takia
2195,Talinga
2196,Tamang (Eastern)
2197,Tangale
2198,Tarao
2199,Taiap
2200,Tariana
2201,Tashlhiyt
2202,Tatana'
2203,Tauya
2204,Tawala
2205,Tayo
2206,Talysh (Azerbaijan)
2207,Tabare
2208,Tübatulabal
2209,Tigré (Beni Amer)
2210,Tabla
2211,Tboli
2212,Tabaru
2213,Tabassaran
2214,Tobati
2215,Tubu
2216,Tabwa
2217,Tangbe
2218,Tarahumara (Central)
2219,Toda
2220,Tibetan (Dingri)
2221,Tibetan (Drokpa)
2222,Tectiteco
2223,Tepehua (Huehuetla)
2224,Tehuelche
2225,Telugu
2226,Tem
2227,Tennet
2228,Teop
2229,Tepehua (Tlachichilco)
2230,Tera
2231,Teso
2232,Tetela
2233,Tewa (Arizona)
2234,Turkic (East-Central Xorasan)
2235,Tangga
2236,Tagbanwa (Aborlan)
2237,Tuareg (Ghat)
2238,Tigak
2239,Tshangla
2240,Tugun
2241,Tsogo
2242,Tanglapui
2243,Tigré
2244,Tarangan (West)
2245,Thai
2246,Thadou
2247,Thakali
2248,Thangmi
2249,Thompson
2250,Thaypan
2251,Thai Sign Language
2252,Tehit
2253,Thulung
2254,Thao
2255,Kuuk Thaayorre
2256,Tima
2257,Tibetan (Standard Spoken)
2258,Ticuna
2259,Tidore
2260,Tifal
2261,Tigrinya
2262,Tikar
2263,Tillamook
2264,Timugon
2265,Tinrin
2266,Tiriyo
2267,Tibetan (Shigatse)
2268,Tiv
2269,Tiwi
2270,Tiipay (Jamul)
2271,Tokelauan
2272,Tuki
2273,Takelma
2274,Turkmen
2275,Teke (Southern)
2276,Tolai
2277,Tatar-Noghay (Alabugat)
2278,Talaud
2279,Telefol
2280,Tlingit
2281,Taulil
2282,Tobelo
2283,Tlapanec
2284,Talysh (Southern)
2285,Tama
2286,Timucua
2287,Tamagario
2288,Tatar (Mishar)
2289,Tumak
2290,Tamil
2291,Tamabo
2292,Temein
2293,Tibetan (Modern Literary)
2294,Tampulma
2295,Temiar
2296,Tat (Muslim)
2297,Turkana
2298,Tunebo
2299,Tanacross
2300,Tindi
2301,Temne
2302,Tongan
2303,Tinani
2304,Tanaina
2305,Tungak
2306,Tanana (Lower)
2307,Tunen
2308,Tondano
2309,Tanna (Southwest)
2310,Tontemboan
2311,Tenyer
2312,Toaripi
2313,Toba
2314,Tod
2315,Tofa
2316,Tojolabal
2317,Tarok
2318,Tol
2319,Tonkawa
2320,Toqabaqita
2321,Toratán
2322,Totonac (Sierra)
2323,Totonac (Misantla)
2324,Southern Toussian
2325,Tonga (in Zambia)
2326,Totonac (Papantla)
2327,Tepecano
2328,Tok Pisin
2329,Tepehuan (Northern)
2330,Tupuri
2331,Tepehuan (Southeastern)
2332,Tapieté
2333,Teribe
2334,Trique (Chicahuaxtla)
2335,Toraja
2336,Tewa (Rio Grande)
2337,Trique (Copala)
2338,Tirmaga
2339,Terêna
2340,Tairora
2341,Ternate
2342,Trumai
2343,Torwali
2344,Tiruray
2345,Tsakhur
2346,Timorese
2347,Tsafiki
2348,Tausug
2349,Tümpisa Shoshone
2350,Tsimshian (Coast)
2351,Tewa (San Juan Pueblo)
2352,Tamashek
2353,Tanzania Sign Language
2354,Tsonga
2355,Tsou
2356,Tamil (Spoken)
2357,Taushiro
2358,Tsat
2359,Tswana
2360,Tsez
2361,Tatar (Baraba)
2362,Tetun Dili
2363,Tutelo
2364,Tetun
2365,Tati (Southern)
2366,Tsova-Tush
2367,Tatuyo
2368,Tuamotuan
2369,Tubar
2370,Tucano
2371,Tuareg (Ahaggar)
2372,Türk Isaret Dili
2373,Tukang Besi
2374,Tulu
2375,Tumleo
2376,Tunica
2377,Turkish
2378,Tuscarora
2379,Tutchone (Northern)
2380,Tuvan
2381,Tuyuca
2382,Tuvaluan
2383,Tatar
2384,Tutsa
2385,Twana
2386,Tarahumara (Western)
2387,Tiwa (Northern)
2388,Tiwa (Southern)
2389,Turkic (West Xorasan)
2390,Totonac (Xicotepec de Juárez)
2391,Tyeraity
2392,Tzeltal (Aguacatenango)
2393,Tzeltal
2394,Taiwanese Sign Language (Ziran Shouyu)
2395,Tzotzil
2396,Tzeltal (Tenejapa)
2397,Tzutujil
2398,Ubykh
2399,Udihe
2400,Udi
2401,Udmurt
2402,Ugandan Sign Language
2403,Uradhi
2404,Ukrainian
2405,Upper Kuskokwim
2406,Ulcha
2407,Uldeme
2408,Ulithian
2409,Uma
2410,UMbundu
2411,Umpila
2412,Umaua
2413,Una
2414,Ungarinjin
2415,Unami
2416,Ura
2417,Urdu
2418,Urhobo
2419,Urim
2420,Urubú-Kaapor
2421,Urak Lawoi'
2422,Urum
2423,Urarina
2424,Urat
2425,Uru
2426,Usan
2427,Urubú Sign Language
2428,Usarufa
2429,Ute
2430,Uyghur
2431,Uzbek
2432,Uzbek (Northern)
2433,Vafsi
2434,Vagla
2435,Vai
2436,Vasavi
2437,Vata
2438,Vedda
2439,Venda
2440,Veps
2441,Vietnamese
2442,Vili
2443,Kariera
2444,Vlaamse Gebarentaal
2445,Vinmavis
2446,Votic
2447,Wagiman
2448,Wahgi
2449,Wai Wai
2450,Wakhi
2451,Walman
2452,Wambaya
2453,Wangkumara
2454,Waorani
2455,Wappo
2456,Wari'
2457,Washo
2458,Watjarri
2459,Waunana
2460,Wayampi
2461,Wambon
2462,Wanman
2463,Wichí
2464,Welsh (Colloquial)
2465,Wedau
2466,Welsh
2467,Weri
2468,Wetan
2469,Wangkangurru
2470,Waigali
2471,Warrongo
2472,Wichita
2473,Wikchamni
2474,Wintu
2475,Wirangu
2476,Wiyot
2477,Wagawaga
2478,Wolof
2479,Wallisian
2480,Walmatjari
2481,Wolio
2482,Warluwara
2483,Wolaytta
2484,West Makian
2485,Wambule
2486,Wéménugbé
2487,Wik Munkan
2488,Wik Ngathana
2489,Wan
2490,Winnebago
2491,Wantoat
2492,Wobe
2493,Wogamusin
2494,Woisika
2495,Woleaian
2496,Womo
2497,Worora
2498,Wapishana
2499,Warao
2500,Warrnambool
2501,Wardaman
2502,Warrgamay
2503,Warekena
2504,Warlpiri
2505,Warembori
2506,Warndarang
2507,Waropen
2508,Waris
2509,Warumungu
2510,Warrwa
2511,Waray (in Australia)
2512,Waskia
2513,Wathawurrung
2514,Watam
2515,Wu
2516,Waurá
2517,Waama
2518,Woiwurrung
2519,Waray-Waray
2520,Wyandot
2521,Wayana
2522,/Xam
2523,Xârâcùù
2524,Xasonga
2525,Xavánte
2526,Kombio
2527,Xerénte
2528,Xhosa
2529,Kanashi
2530,Xokleng
2531,!Xóõ
2532,!Xun (Ekoka)
2533,Yagua
2534,Yahgan
2535,Yaka
2536,Yale (Kosarek)
2537,Yaminahua
2538,Yana
2539,Yao (in Malawi)
2540,Yapese
2541,Yaqui
2542,Yareba
2543,Yavapai
2544,Yawa
2545,Yay
2546,Yazgulyam
2547,Yamba
2548,Yamphu
2549,Yup'ik (Chevak)
2550,Yucuna
2551,Yucatec
2552,Yiddish (Bessarabian)
2553,Yiddish
2554,Yiddish (Lodz)
2555,Yei
2556,Yelî Dnye
2557,Yemba
2558,Yessan-Mayo
2559,Yeyi
2560,Dii
2561,Yaghnobi
2562,Yagaria
2563,Nuosu
2564,Yidiny
2565,Yil
2566,Yimas
2567,Yindjibarndi
2568,Yir Yoront
2569,Yi (Wuding-Luquan)
2570,Yuki
2571,Yakoma
2572,Yakan
2573,Yukaghir (Kolyma)
2574,Yukpa
2575,Yakut
2576,Yulparija
2577,Yali
2578,Yelmek
2579,Yalarnnga
2580,Yiddish (Lithuanian)
2581,Yamdena
2582,Yami
2583,Yemsa
2584,Yupik (Naukan)
2585,Yingkarta
2586,Yankuntjatjara
2587,Yanomámi
2588,Yansi
2589,Yanyuwa
2590,Yokuts (Yaudanchi)
2591,Yoruba
2592,Yup'ik (Central)
2593,Yaqay
2594,Yuracare
2595,Yurimangí
2596,Yaruro
2597,Yuruti
2598,Yupik (Sirenik)
2599,Yupik (St. Lawrence Island)
2600,Yurt Tatar
2601,Yukaghir (Tundra)
2602,Yuchi
2603,Yugh
2604,Yukulta
2605,Yulu
2606,Yup'ik (Norton Sound)
2607,Yurok
2608,Yupik (Siberian)
2609,Yuwaalaraay
2610,Yawelmani
2611,Yawuru
2612,Yaygir
2613,Yorta Yorta
2614,Yazva
2615,Beria
2616,Zapotec (Isthmus)
2617,Zapotec (Juárez)
2618,Zapotec (Mixtepec)
2619,Zande
2620,Zapotec (Mitla)
2621,Zapotec (Quiegolani)
2622,Zarma
2623,Zayse
2624,Zazaki
2625,Zoque (Chimalapa)
2626,Zenaga
2627,Zoque (Francisco León)
2628,Zhuang (Northern)
2629,Zimakani
2630,Zulu (Northern)
2631,Zapotec (Ixtlan)
2632,Zaparo
2633,Zoque (Copainalá)
2634,Zoque (Ostuacan)
2635,Zoque (Rayon)
2636,Popoluca (Sierra)
2637,Zulu (Southern)
2638,Zapotec (San Lucas Quiaviní)
2639,Zapotec (Texmelucan)
2640,Zulu
2641,Zuni
2642,Zapotec (Yatzachi)
2643,Zapotec (Zoogocho)
2644,Ayomán
2645,Berber (Figuig)
2646,Kriol (Fitzroy Crossing)
2647,Mongol (Khamnigan)
2648,Nahuatl (Huauchinango)
2649,Romani (Sepecides)
2650,Western Desert (Ooldea)
2651,Wembawemba
2652,Nahuatl (Milpa Alta)
2653,Tasmanian (Oyster Bay to Pitwater)
2654,Tasmanian
2655,Tupi
2656,Johari
2657,Tommo So
2658,Russian-Chinese Pidgin (Birobidjan)
2659,Arapesh (Abu)
2660,Kenyah (Uma' Lung)
2661,Lughat al-Isharat al-Lubnaniya
